[
    {
        "VoiceName": "de-DE-FlorianMultilingualNeural",
        "Gender": "Male"
    },
    {
        "VoiceName": "de-DE-SeraphinaMultilingualNeural",
        "Gender": "Female"
    },
    {
        "VoiceName": "en-US-AndrewMultilingualNeural",
        "Gender": "Male"
    },
    {
        "VoiceName": "en-US-AvaMultilingualNeural",
        "Gender": "Female"
    },
    {
        "VoiceName": "en-US-BrianMultilingualNeural",
        "Gender": "Male"
    },
    {
        "VoiceName": "en-US-EmmaMultilingualNeural",
        "Gender": "Female"
    },
    {
        "VoiceName": "fr-FR-RemyMultilingualNeural",
        "Gender": "Male"
    },
    {
        "VoiceName": "fr-FR-VivienneMultilingualNeural",
        "Gender": "Female"
    }
]
