[
    {
        "VoiceName": "de-DE-AmalaNeural",
        "Gender": "Female"
    },
    {
        "VoiceName": "de-DE-BerndNeural",
        "Gender": "Male"
    },
    {
        "VoiceName": "de-DE-ChristophNeural",
        "Gender": "Male"
    },
    {
        "VoiceName": "de-DE-ElkeNeural",
        "Gender": "Female"
    },
    {
        "VoiceName": "en-GB-AlfieNeural",
        "Gender": "Male"
    },
    {
        "VoiceName": "en-GB-ElliotNeural",
        "Gender": "Male"
    },
    {
        "VoiceName": "en-GB-HollieNeural",
        "Gender": "Female"
    },
    {
        "VoiceName": "en-GB-LibbyNeural",
        "Gender": "Female"
    },
    {
        "VoiceName": "en-US-BrianNeural",
        "Gender": "Male"
    },
    {
        "VoiceName": "en-US-ChristopherNeural",
        "Gender": "Male"
    },
    {
        "VoiceName": "en-US-JaneNeural",
        "Gender": "Female"
    },
    {
        "VoiceName": "en-US-JennyNeural",
        "Gender": "Female"
    },
    {
        "VoiceName": "es-ES-AbrilNeural",
        "Gender": "Female"
    },
    {
        "VoiceName": "es-ES-AlvaroNeural",
        "Gender": "Male"
    },
    {
        "VoiceName": "es-ES-IreneNeural",
        "Gender": "Female"
    },
    {
        "VoiceName": "es-ES-SaulNeural",
        "Gender": "Male"
    },
    {
        "VoiceName": "fr-FR-BrigitteNeural",
        "Gender": "Female"
    },
    {
        "VoiceName": "fr-FR-HenriNeural",
        "Gender": "Male"
    },
    {
        "VoiceName": "fr-FR-JosephineNeural",
        "Gender": "Female"
    },
    {
        "VoiceName": "fr-FR-MauriceNeural",
        "Gender": "Male"
    },
    {
        "VoiceName": "nl-BE-ArnaudNeural",
        "Gender": "Male"
    },
    {
        "VoiceName": "nl-BE-DenaNeural",
        "Gender": "Female"
    },
    {
        "VoiceName": "nl-NL-ColetteNeural",
        "Gender": "Female"
    },
    {
        "VoiceName": "nl-NL-FennaNeural",
        "Gender": "Female"
    },
    {
        "VoiceName": "nl-NL-MaartenNeural",
        "Gender": "Male"
    }
]